342 gißt, daß dieſelben gewiſſermaßen in den Traktat vom 15. Juli mit einbegriffen ſind.
Selbſt diejenigen, gegen welche Mehmed Ali beſonders proteſtirt, laſſen ſich aus den Artikeln 2 und 6 der Separat⸗Akte vom 15 Juli ableiten.
Da man dies vergeſſen zu haben ſcheint, ſo wollen wir jene beiden Artikel anfuͤhren: Artikel 2.
Se.
Hoheit verſpricht, dem Mehmed Ali für ſich und ſeine Nachkommen in direkter Linie die Verwaltung des Paſchaliks Aegypten.
Es iſt doch wahrſcheinlich nicht ohne Grund geſchehen, daß man nach den Worten in direkter Linie nicht noch die, und nach dem Rechte der Erſtgeburt hinzugefuͤgt hat.
Artikel 6.
Da die Land⸗ und See⸗Streitkräfte, welche der Paſcha von Aegypten in Acre unterhalten karn, einen Theil der Streitkräfte des Türkiſchen Reiches ausmachen, ſo werden dieſelben immer als für den Dienſt des Staates unterhalten betrachtet.
Heißt dies nicht, daß die Offiziere der Aegyptiſchen Regimenter von dem Sultan ernannt werden koͤnnen?
Wenn man uns jetzt ſagt, daß die Maͤchte ſich uͤber die Strenge des Hattiſcherifs beklagen, ſo beklagen ſie ſich nur uͤber die Strenge des Traktats vom 15. Juli, und ſollte man dem Sultan Vorſtellungen uͤber den Hattiſcherif machen, ſo wird es ihm zur Vertheidigung deſſelben nicht an Argumenten ſehlen.“ Die hieſigen Blaͤtter theilen heute den Bericht des Herrn von Lamartine uͤber den Geſetz⸗Entwurf in Betreff des literariſchen Eigenthums mit.
Die einzelnen Punkte deſſelben werden bei der Eroͤrterung in der Kammer noch ausfuͤhrlich zur Sprache kommen.
Vorlaͤufig iſt nur zu bemerken, daß die Kommiſſion darauf antraͤgt, daß das Eigenthumsrecht auf Producte des Geiſtes auf 50 Jahre nach dem Tode des Verfaſſers geſichert bleiben ſolle, waͤhrend der urſpruͤngliche Entwurf nur 30 Jahre feſtſetzt.
Ueber den auslaͤndiſchen Nachdruck aͤußert ſich Herr von Lamartine in folgender Weiſe: „Während wir an einem Geſetze über das literariſche Eigenthum für Frankreich arbeiteten, zeigte ſich recht lebhaft die Nothwendigkeit eines völkerrechtlichen Geſetzes über dieſe Art von Eigenthum.
Kaum iſt ein Buch in London, in Wien oder in Paris gedruckt worden, ſo bemächtigen ſich die ausländiſchen Nachdrucker deſſelben und laſſen daſſelbe in allen Formaten erſcheinen, ohne irgend eine von den Laſten des Verfaſſers und des urſprünglichen Verlegers tragen zu müſſen.
Sie überſchwemmen alsdann Europa und Amerika mit dieſer Contrebande des Gedankens, die um ſo einträglicher für ſie iſt, als dieſer zweideutige Handel durchaus nichts Gewagtes hat, da er ſich nur auf Bücher erſtreckt, deren Abſatz geſichert iſt.
So wird der rechtliche Buchhandel und das edelſte Eigenthum des Geiſtes auf das unwürdigſte geplündert, und zwar nur durch die Sorgloſigkeit und Ungerechtigkeit der großen Staaten.
Der Schaden, den die literariſche Induſtrie in Frankreich dadurch erleidet, beläuft ſich auf nicht weniger als 8 bis 10 Millionen Fr. jährlich.
Dieſer Mißbrauch, der Literatur nicht weniger ſchädlich, als dem Handel tödlich, trifft alle Regierungen.
Die kleineren haben das Uebel zuerſt empfunden.
Sie haben eingeſehen, daß ein Eigenthum, welches an der Gränze aufhört, auf beſchränkten Gebieten nur dem Namen nach exiſtirt.
Was für eine Entſchädigung konnte ein Schriftſteller, oder ein Buchhändler in Rom, in Florenz, in Parma erwarten, wenn man ihn ohne Scheu in Neapel, in Turin, in Modena, und in Mailand nachdrucken konnte?
Daſſelbe war in Deutſchland der Fall.
Die kleinen Staaten konnten nicht mehr ſchreiben; die großen konnten es noch; aber ihre Induſtrie, die aufänglich von einer größeren Maſſe inländiſcher Konſumenten beſchützt ward, wurde ihnen auch bald entriſſen.
So ſtehen die Sachen.
Alle Welt beklagt ſich; alle Welt verlangt eine völkerrechtliche Sicherung des Eigenthums; man hat angefangen, Verträge von Nachbar zu Nachbar' abzuſchließen.
Die Italiäniſchen Staaten, mit Ausnahme von Neapel, haben zuerſt einen Bund zur Sicherung des literariſchen Eigenthums und zur gegenſeitigen Beſtrafung des Nachdruckes geſchloſſen.
Deutſchland hat dieſelbe Bahn betreten.
England, Rußland, Oeſterreich, Frankreich, mehr durch die Ideen einer allgemeinen Billigkeit, als durch ihre gegenſeitigen Intereſſen erregt, zeigen ſich geneigt, ein Eigenthum mehr unter den Schutz des Völkerrechts zu ſtellen.
Wir, eine weſentlich literariſche Nation, haben zwei Mittel, um jene Uebereinſtimmung der Regierungen zu beſchleunigen: die Nebenbuhlerſchaft, oder die Initiative; die Erlaubniß, für den Nachdruck der Werke derjenigen Nationen, welche uns nachdrucken, oder die moraliſche und hochherzige Proklamirung der Achtung des Eigenthums Anderer bei uns, ehe noch andere Nationen denſelben Grundſatz zu unſeren Gunſten aufſtellten.
Die natürliche Billigkeit, deren Vorläufer zu ſeyn immer ruhmvoll iſt, und ihr wohlverſtandenes Intereſſe veranlaßte die Schriftſteller, die Drucker, die Buchhändler, dringend und einſtimmig von uns zu verlangen, daß wir uns für einen großen Grundſatz der Sittlichkeit ausſprächen und dadurch ein nachahmungswürdiges Beiſpiel für alle Völker der Erde aufſtellten.
Die Kommiſſion ließ dieſem Gefühle volle Gerechtigkeit widerfahren und theilte es.
Indeß hat ſie nicht geglaubt, die Regierung jener Bedingung der Gegenſeitigkeit berauben zu dürfen, welche bei den künftigen Unterhandlungen ein bedeutendes Gewicht haben kann.
Der große Zweck, den wir im Auge haben, wird gewiß um ſo ſicherer erreicht werden können, wenn Frankreich den Regierungen, deren Beitritt zu einem Vertrage wegen Sicherſtellung des literariſchen Eigenthums es wünſchte, die Vortheile der Reciprocität anbieten kann.“ Nach der Propoſition der Herren Mauguin und Pagès ſollen nicht zu Deputirten gewaͤhlt werden koͤnnen: Praͤfekte und Unterpraͤfekte, General⸗Einnehmer, im aktiven Dienſt befindliche Generale und Oberoffiziere der Land⸗ und Seetruppen, Magiſtrate, welche die Functionen des oͤffentlichen Miniſteriums bei den Koͤnigl.
Gerichtshoͤfen und Tribunalen verſehen, Diviſions⸗ und Buͤreau⸗Chefs der verſchiedenen Miniſterien; ferner ſolle kein ſalarirter Beamter zum Deputirten von dem Wahl⸗Kollegium eines Arrondiſſements, welches ganz, oder zum Theil zu dem Reſſort ſeiner Functionen gehoͤrt, gewaͤhlt werden koͤnnen; von dieſer Beſtimmung ſollen indeſſen ausgenommen ſeyn: Die Miniſter, Unter⸗Staats⸗Secretaire, General⸗Secretaire der Miniſterien, General⸗Direktoren, die Mitglieder des Caſſationshofes, des Rechnungshofes und des Staats⸗Rathes; und endlich, wenn die oben erwaͤhnten Beamten durch Demiſſion oder ſonſt ihre Stellen verlaſſen, ſo ſollen ſie in den Reſſorts, wo ſie ihre Functionen ausgeuͤbt, erſt nach Verlauf von 6 Monaten, vom Tage der Beendigung ihrer Functionen an, waͤhlbar ſeyn.
Da drei Buͤreaus die Leſung geſtattet, ſo wird dieſe uͤbermorgen in der Deputirten⸗Kammer ſtattfinden.
Herr Villemain wird in den naͤchſten Tagen einen Geſetz⸗Entwurf in die Deputirten⸗Kammer einbringen, wodurch ein Kredit von 40,000 Fr.
fuͤr die Ceremonie der Inſtallation des kuͤrzlich zum Kardinal ernannten Herrn von Boneld, Erzbiſchof von Lyon, gefordert werden wird.
Boͤrſe vom 16.
Maͤrz.
Das Geſchaͤft war heute nicht belebt, und die Courſe der Renten erlittten keine weſentlichen Veraͤnderungen.
Dagegen bemerkte man, daß ſich ſehr viele Verkaͤufer fuͤr Franzoͤſiſche Bank⸗Actien einſtellten, die ſeit 2 Tagen uͤber 100 Fr. gefallen ſind, und heute zu 3170 ausgeboten blieben.
* Paris, 16.
Maͤrz.
Die fortwaͤhrend friedlichen Verſicherungen des hieſigen Kabinets begruͤnden die Hoffnung, daß die Aegyptiſch⸗orientaliſche Angelegenheit ſo wie der letzte Ferman des Sultans keine fuͤr den Frieden Europa's beſorgliche Spannungen hervorrufen werde.
Es handelt ſich jetzt darum, den Sultan zu bewegen, einige fuͤr Mehmed Ali guͤnſtige Konzeſſionen zu erlangen und Herr Guizot ſoll ſich bereits dahin erklaͤrt haben, daß dem Paſcha die Erblichkeit ſeiner Familie in maͤnnlicher Linie zu Theil werde.
Dieſen Punkt will auch Frankreich bei der Ottomaniſchen Pforte unterſtuͤtzen.
In Bezug auf die Fakultaͤt des Sultans die Ernennung der Aegyptiſchen Ober⸗Offiziere betreffend, behauptet das hieſige Kabinet keine diplomatiſche Eroͤffnung machen zu wollen, indem dies ein Akt innerer Verwaltung zwiſchen der Pforte und dem Paſcha von Aegypten ſey, dagegen behauptet Herr Guizot die Erblichkeit in maͤnnlicher Linie ſey in dem Traktat des 15. Juli enthalten oder daraus rechtmaͤßig zu folgern.
Auch das Engliſche Kabinet zeigt ſich geneigt die direkte Erblichkeit zu unterſtuͤtzen und noch geſtern aͤußerte ſich Herr Guizot vor mehreren Diplomaten in einem von ihm oft beſuchten Salon Alles werde ſich ohne Bruch auf das Friedlichſte beilegen.
Daß die Verhaͤltniſſe zwiſchen den Vereinigten Staaten und England immer mehr in den Vordergrund treten, verſteht ſich von ſelbſt.
Auf das Beſtimmteſte iſt zu verſichern, daß England einen Krieg vermeiden wird, wenn es nicht durch die Amerikaniſchen leidenſchaftlichen Volksmaſſen dazu gezwungen wird, welche die Regierung in Waſhington in eine kriegeriſche Bahn gewaltſam hineinſtoßen koͤnnten.
Die Anſichten uͤber einen Bruch zwiſchen England und den Vereinigten Staaten ſind getheilt; es fehlt ſogar nicht an Leuten, welche ohne Weiteres rathen: Frankreich moͤge ſich jetzt an England des Quadrupel⸗Traktats wegen raͤchen und direkt Theil nehmen fuͤr Nord⸗Amerika.
Dieſe exaltirte Politik hat aber entſchiedene Gegner gefunden, und iſt voͤllig beſeitigt.
Heute Morgen iſt die hieſige Kunſt⸗Ausſtellung eroͤffnet worden.
Der Andrang des Publikums war bedeutend.
Ein herrliches Fruͤhlingswetter trug mehr noch als die uͤbliche Neugierde oder der kuͤnſtleriſche Werth der Ausſtellung hierzu bei.
Der Katalog fuͤhrt 2280 Nummern an, worunter 2032 Malerwerke.
Die Ausſtellung iſt allem Vorhergehenden untergeordnet.
Der Total⸗Eindruck iſt alſo wenig befriedigend, das Einzelne, die guten Ausnahmen, ſollen ſpaͤter erwaͤhnt werden.
Von Pradier iſt eine zierlich gemeißelte Odaliske zu bemerken, faſt die ganze uͤbrige Skulptur iſt ſchwach.
Das reizende Bild der Fiſcher von Leopold Robert iſt von Prevoſt ohne viel Talent geſtochen worden.
Alle Poeſie iſt aus dieſer zarten Arbeit gewichen.
Calamatta und Mercuri fehlen.
Herr von Breſſon wird, wie es heißt, nicht vor der Taufe des Grafen von Paris nach Berlin zuruͤckkehren.
Großbritanien und Irland.
London, 13.
Maͤrz.
(B. H.) Die Amerikaniſchen Verhaͤltniſſe beſchaͤftigen unſere Blaͤtter natuͤrlich noch immer vorzugsweiſe und werden ſie zu Kommentaren uͤber die letzten Berichte veranlaſſen, bis die Antwort auf die letzten Depeſchen Lord Palmerſton's angekommen, welche man indeß nicht vor Ende des Monats erwartet, da es unwahrſcheinlich iſt, daß die Halifaxer Briefpoſt, welche am 4ten oder 5ten d.
M. abgeht, dieſe Antwort ſchon mitbringen kann.
Die erwaͤhnten Depeſchen Lord Palmerſton's ſind am 10. Februar von hier mit dem „Preſident“ abgegangen, und werden vermuthlich am 26ſten in New⸗York eingetroffen ſeyn, koͤnnen ſich alſo fruͤheſtens am 28ſten, einem Sonntage, in den Haͤnden des Britiſchen Geſandten in Waſhington befinden; uͤbergiebt dieſer ſie nun auch ſchon am folgenden Tage der Regierung' der Vereinigten Staaten, ſo muͤſſen doch einige Tage vergehen, bevor er die Antwort erhaͤlt, und dieſelbe wird daher alſo wahrſcheinlich erſt mit der Poſt vom 15. d. M. von New⸗York abgeſandt werden koͤnnen.
London, 16.
Maͤrz.
In den miniſteriellen Blaͤttern der letzten Tage finden ſich zwar Betrachtungen uͤber die jetzige Lage der Dinge im Orient, aber nichts weiter uͤber das im Boͤrſen⸗Bericht des „Globe“ vom 13ten enthaltene Geruͤcht von einem Konferenz⸗Protokoll, welches der Franzoͤſiſche Bevollmaͤchtigte am 12ten mit unterzeichnet haͤtte.
Nur der geſtrige Morning Herald kommt hierauf zuruͤck, doch ſcheint nach ſeiner Angabe nicht von einem neuen gemeinſchaftlichen Protokolle, ſondern von dem Beitritt Frankreichs zu dem bereits bekannten, vom 5.
Maͤrz datirten Protokolle die Rede zu ſeyn.
Dieſes Blatt ſagt naͤmlich: „Wir haben Grund, zu glauben, daß daß von der Londoner Konferenz feſtgeſtellte Protokoll, wodurch die orientaliſche Angelegenheit geordnet und dem Quintupel⸗Traktat vom Juli, ſo wie dem Traktat von Unkiar Skeleſſi, ein Ende gemacht werden ſoll, von der Franzoͤſiſchen Regierung angenommen (accepted) worden iſt.
Ebenſo haben wir Urſache, zu glauben, daß es die Abſicht des Herrn Guizot iſt, eine Mittheilung der Art an die Pairs⸗Kammer im Verlaufe der Diskuſſion uͤber die Befeſtigung von Paris gelangen zu laſſen.
Das Reſultat, welches man von dieſem Ereigniſſe zu erwarten hat, beſteht darin, daß Frankreich, Oeſterreich und Preußen zu einer allmaͤligen, wenn auch nicht unverzuͤglichen Entwaffnung ſchreiten werden.“ Damit im Widerſpruche ſteht ein Schreiben aus Paris vom 13ten, welches die Morning Poſt aus angeblich ſehr guter Quelle erhalten hat.
Dieſem Schreiben zufolge, haͤtte Herr Guizot in einer am 11ten mit dem Grafen Appony gehaltenen Konferenz erklaͤrt, daß Frankreich dem Definitiv⸗Protokolle der Londoner Konferenz vom 5.
Maͤrz nicht beitreten koͤnne, in Folge des Erlaſſes des Inveſtitur⸗Fermans vom 13. Februar, welcher in jenem Definitiv⸗Protokolle als das Reſultat der gemeinſamen Anſtrengungen der vier Maͤchte, die den Juli⸗Traktat unterzeichnet, dargeſtellt werde, und der einestheils dem von dem Sulten bereits fruͤher anerkannten Prinzipe unbediegter Erblichkeit Aegyptens in der Familie Mehmed Ali's widerſpreche, anderntheils aber dem casus belli zu nahe trete, welchen das Memorandum des Herrn Thiers vom 8. Oktober v.
J., das die Grundlage der Politik des jetzigen Franzoͤſiſchen Kabinets bilde, aufgeſtellt habe.
Herr Guizot ſoll indeß hinzugefuͤgt haben, er wiſſe, der Ferman ſey dem Reſchid Paſcha von Lord Ponſonby gegen den Willen der Repraͤſentanten der uͤbrigen Großmaͤchte abgedrungen worden, und Frankreich hoffe daher, es werde dem Einfluſſe Rußlands und Oeſterreichs gelingen, eine Modifizirung deſſelben zu erlangen; bis dahin aber muͤſſe es in ſeiner iſolirten Stellung verharren.
Graf Appony ſoll ſich den Wuͤnſchen des Herrn Guizot ſehr geneigt geaͤußert haben und mit ihm uͤbereingekommen ſeyn, das Reſultat ſeiner Unterredung mit Herrn Guizot dem Fuͤrſten Metternich zu berichten und Herr Guizot erklaͤrt haben, die vom 5ten d.
M. datirte Depeſche Lord Palmerſtons bis zum Eingange neuer Inſtructionen fuͤr den Grafen Appony unbeantwortet zu laſſen.
Die Betrachtungen, welche der „Globe“ und die „Morning Chronicle“ noch uͤber die orientaliſche Frage enthalten, fuͤhren nur die aus dem letzteren Blatt ſchon mitgetheilte Bemerkung weiter aus, daß England keine beſtimmte Verpflichtung in Bezug auf die Erblichkeit des Paſchaliks Aegypten in Mehmed Ali's Familie eingegangen ſey, noch viel weniger uͤber die Art der Vererbung deſſelben; doch fuͤgt die „Chronicle“ in ihrem heutigen Blatte hinzu, daß der Sultan hinreichende Verſicherungen mit dem Hattiſcherif zugleich an Mehmed Ali geſchickt habe, die ihn uͤber die Intention deſſelben beruhigen koͤnnten; ſo werde namentlich Ibrahim Paſcha, falls er ſeinen Vater uͤberlebe, als Nachfolger beſtaͤtigt werden, ohne daß der Sultan ihm die Bedingung auferlegen wolle, nach Konſtantinopel zu kommen, um dort die Inveſtitur zu empfangen, und der Sultan habe ſich das Recht der Auswahl des Nachfolgers unter den kuͤnftigen Erben nur fuͤr den Fall der Minorennitaͤt oder gaͤnzlichen Unfaͤhigkeit vorbehalten; Mehmed Ali habe auch den Hattiſcherif angenommen und nur um einige Modificationen deſſelben gebeten.
(Man vergleiche den Art.
Paris im geſtr.
Bl. d. St. Ztg.)
Das erwartete Dampfboot „Columbia“ mit den Nord⸗Amerikaniſchen Poſten vom 1.
Maͤrz war geſtern noch nicht in Liverpool angekommen.
Alles ſieht ferneren Nachrichten aus Amerika voller Erwartung entgegen, da man annimmt, daß Englands kuͤnftige Ausſichten im Handel großentheils von dem Laufe der politiſchen Begebenheiten in den Vereinigten Staaten abhaͤngen werden.
„Die Ungewißheit, welche jetzt hinſichtlich des Friedens mit Amerika ſtattfindet“, bemerkt der Globe, „iſt allen Handels⸗Unternehmungen im Wege und verurſacht an der Boͤrſe und an anderen Orten eine Zuſammenhaͤufung von Kapital, welches in Anleihen auf Unterpfand von Staatspapieren temporaͤr angelegt wird.
Wahrſcheinlich werden dadurch die Preiſe der Staatspapiere, trotz der duͤſteren politiſchen Ausſichten, aufrecht erhalten.“ Einer Andeutung im „Globe“, als ob die Differenz mit den Vereinigten Staaten wegen der Verhaftung des Herrn Mac Leod vielleicht auf ſchiedsrichterlichem Wege ausgeglichen werden koͤnnte, welche Anſicht zuerſt der „Examiner“ aufſtellte, ſtimmt die Morning Chronicle nicht bei, ja ſie bedauert es, daß ein miniſterielles Blatt eine ſolche Aeußerung nur habe hinwerfen koͤnnen, da in dieſer Sache gar kein Zweifel vorliege, hinſichtlich deſſen eine dritte, ſchiedsrichterliche Partei den Ausſchluß geben koͤnnte.
Im Oberhauſe wurde geſtern uͤber den Antrag des Biſchofs von Exeter debattirt, wonach eine Adreſſe an die Koͤnigin gerichtet werden ſollte, des Inhalts, daß ſie der Verordnung des General⸗Gouverneurs von Kanada, durch welche dem St. Sulpicius⸗Seminar in Montreal Corporations⸗Rechte zugeſtanden werden, ihre Genehmigung verſagen moͤge.
Der Antrag wurde ohne Abſtimmung verworfen.
Im Unterhauſe beſchaͤftigte man ſich hauptſaͤchlich mit den Angelegenheiten Suͤd⸗Auſtraliens, zu deſſen Gunſten der Kolonial⸗Miniſter, Lord John Ruſſell, die Garantie einer Anleihe von 210,000 Pfd.
in Anſpruch nahm.
Man war indeſſen mit den von ihm gegebenen Nachweiſungen nicht zufrieden, und er vertagte daher den Antrag auf den 19ten d.
M. Der Hampſhire Telegraph meldet, daß der Contre⸗Admiral Sir William Parker, einer der Lords der Admiralitaͤt, das Kommando der Flotte in China an die Stelle des Contre⸗Admirals Elliot uͤbernehmen werde.
Er begiebt ſich ſofort uͤber Suez nach Oſtindien; ſein Flaggenſchiff, der „Cornwallis“, von 72 Kanonen, ſoll in Plymouth ausgeruͤſtet werden.
Nach Berichten aus Liſſabon vom 8ten d.
M. hat die Deputirten⸗Kammer am 5ten, nach einer ſtuͤrmiſchen Debatte, den Handels⸗Traktat zwiſchen Portugal und den Vereinigten Staaten mit einer Stimmen⸗Mehrheit von 65 angenommen; um die Sache ſchnell zu foͤrdern, hielt darauf der Senat am 7ten, einem Sonntage, eine außerordentliche Sitzung, in welcher der Traktat ebenfalls angenommen wurde, und am folgenden Tage wurde er der Koͤnigin durch eine Deputation uͤberreicht.
Der Sohn des Grafen Villa Real wird ihn ſo ſchnell als moͤglich uͤber London nach Waſhington bringen, da die Zeit zur Auswechſelung der Ratificationen am 26. April ablaͤuft.
Die Portugieſiſche Regierung hat eine Anleihe von 500 Contos gegen Hypothezirung gewiſſer Einnahmen aufgenommen, um die Zinſen der auswaͤrtigen Schuld in London bezahlen zu koͤnnen.
Im Senate iſt eine ſchon im November von der Deputirten⸗Kammer genehmigte Zoll⸗Erhoͤhung auf gewiſſe Sorten Britiſcher und Spaniſcher Baumwollen⸗ und Wollen⸗Fabrikate beſtaͤtigt worden.
In Algarbien und Alemtejo nahmen die Guerilla's auf eine beunruhigende Weiſe zu; doch hoffte man, einen Haupt⸗Banditen, Namens Caca, den man nebſt ſieben anderen in der Provinz Coimbra umzingelt hatte, zu fangen.
Die Reſignation des Spaniſchen Finanz⸗Miniſters Gamboa hat hier ſehr nachtheilig auf die Spaniſchen Fonds gewirkt, da man befuͤrchtet, daß ein Nachfolger von gleicher Redlichkeit und Geſchicklichkeit nicht leicht zu finden ſeyn duͤrfte.
Aus Jamaika hat man Nachrichten bis zum 1. Februar, die ſehr befriedigend lauten.
Der Gouverneur Sir, Charſes Metcalfe, war dort fortwaͤhrend ſehr beliebt.
Nach Berichten aus Panama hat ſich die Provinz Panama am 18. November von dem Staate Neu⸗Granada unabhaͤngig erklaͤrt.
Der in der Prozinz Paſto ausgebrochene Aufſtand war, nach Berichten aus Carraccas vom 20. Januar, faſt gaͤnzlich unterdruͤckt.
Der Schornſteinfeger⸗Junge Jones, bekannt durch ſein fruͤheres Einſchleichen in den Buckingham⸗Palaſt, iſt geſtern fruͤh Morgens wieder in dem Putzzimmer der Koͤnigin gefunden worden, nachdem man ihn kurz zuvor erſt aus dem Polizei⸗Gefaͤngniſſe entlaſſen hatte.
Man fand ihn ein Mahl verzehrend, welches aus Leckerbiſſen beſtand, die er ſich im Schloſſe zuſammengeleſen hatte.
Von ſeinem Verhoͤr war heute Mittag noch nichts bekannt.
Niederlande.
Aus dem Haag, 16.
Maͤrz.
In Folge einer von Sr. Majeſtaͤt dem Koͤnige getroffenen Anordnung fallen jetzt bei unſerer Kavallerie die Lieutenants a la suite und die Fahnenjunker ganz fort.
An die Stelle der Letzteren tritt bei jedem Regiment ein ſogenannter Adjutant⸗Unteroffizier, der die Fahne traͤgt.
Bei der Infanterie ſind die Majors a la suite und die Unterrichts⸗Compagnieen aufgehoben und bei der Artillerie fallen die ſogenannten Artillerie⸗Platz⸗Kommandanten fort.
Hierdurch, ſo wie durch andere neue Einrichtungen, die beim Heere ſtattfinden, wird von jetzt ab in dieſem Ausgaben⸗Zweige eine bedeutende Erſparniß eintreten.
Deutſche Bundesſtaaten.
Fulda, 14.
Maͤrz.
(Han. Ztg.)
Seit geſtern haben auf dem Platze vor dem Kurfuͤrſtl.
Palais zur rechten Seite der Hauptwache und dem Gaſthofe zum Kurfuͤrſten gegenuͤber, die Vorarbeiten zur Aufſtellung des Bonifacius⸗Monumentes, zur Freude aller Bewohner hieſiger Stadt begonnen.
Die Einweihung wird den 6. Juni d.
J. ſtattfinden.
Karlsruhe, 16.
Maͤrz.
(K. Z.) Heute iſt der Oberſt⸗Lieutenant und Fluͤgel⸗Adjutant Sr. Koͤnigl.
Hoheit des Großherzogs, Herr von Krieg, als Bevollmaͤchtigter bei der Bundes⸗Militair⸗Kommiſſion nach Frankfurt abgereiſt.
Schweiz.
Aus der Schweiz, 10.
Maͤrz.
(Schwaͤb. Merk.)
Die Inſtructions⸗Ertheilungen der meiſten Kantone fuͤr die außeror343 dentliche Tagſatzung liegen nun vor.
In großer Mehrheit haben ſich dieſelben fuͤr Aufrechthaltung des Art.
12. der Bundes⸗Akte gegen die allgemeine Kloſter⸗Aufhebung im Aargau und gegen jede fremde Einſchreitung ausgeſprochen.
Waͤhrend ſich bei einem Theile der Zuͤricher Bevoͤlkerung eine Sympathie fuͤr die Kloſterſache in einer Subſcription bemerken laͤßt, die zur Unterſtuͤtzung der durch Einquartierung hart bedruͤckten Katholiken des Aargaus eroͤffnet wurde, iſt in St. Gallen eine noch nicht abgegangene Adreſſe an die Aargauiſche Regierung in Umlauf geſetzt worden, welche die volle Billigung des Kloſterbeſchluſſes ausſpricht.
An der Spitze diefer von den Ultra⸗Radikalen ausgegangenen Demonſtration ſtehen zwei Regierungsraͤthe, ſo wie der Praͤſident des St. Galliſchen Großraths.
Die Inſtruction von Thurgau lautet folgendermaßen: 1) Die Geſandtſchaft wird erklaͤren, es koͤnne der Art.
XII.
des Bundes keinesweges den Sinn haben, daß den Kantonen unbedingt das Recht entzogen ſeyn ſollte, Kloͤſter aufzuheben, ſondern es muͤſſe ihnen dieſes Recht, wie noch in anderen Faͤllen, ſo beſonders auch da zuſtehen, wo ſich ſolche Corporationen als ſtaatsgefaͤhrlich erweiſen; 2) die Geſandtſchaft wird mit Ruͤckſicht darauf, daß der Stand Aargau mit Kreisſchreiben vom 4. Februar die Zuſicherung giebt, er werde die von ihm getroffenen Maaßregeln rechtfertigen, vor Allem die von dieſem Stande verheiße nen Rechtfertigungs⸗Gruͤnde anhoͤren, und daruͤber Bericht erſtatten, und zu keinerlei Interventions⸗Maßnahmen der Tagſatzung gegenuͤber dem Kanton Aargau mitwirken; 3) auswaͤrtige Einmiſchung in dieſe nur die Schweizeriſchen Kantone unter ſich beruͤhrende Angelegenheit wird ſie entſchieden zuruͤckweiſen; 4) in Beziehung auf Antraͤge wegen eidgenoͤſſiſcher Leitung der gemaͤß dem Art IV.
des Bundes zur Verfuͤgung eines bedrohten Kantons geſtellten Truppen wird ſich die Geſandtſchaft dahin erklaͤren, daß hieruͤber von der Tagſatzung nicht einzuſchreiten ſey.
Italien.
Neapel, 6.
Maͤrz.
(A. Z.) Ihre Majeſtaͤt die Koͤnigin⸗Mutter iſt geſtern Abend, von Rom zuruͤck, hier eingetroffen; auch befindet ſich ſeit einigen Tagen der Erbprinz von Mecklenburg⸗Strelitz hier.
Dieſen Morgen wurde ein Soldat, der ſeinen Lieutenant, welcher vor einem Café ſaß und eine Cigarre rauchte, geſtern aus Rache erſchoß, fuͤſilirt.
Es iſt traurig, daß aͤhnliche Subordinationsfehler ſich hier ſo oft wiederholen.
Berichten aus Sicilien zufolge, werden die Klagen der Schwefelgruben⸗Beſitzer uͤber den von der Regierung feſtgeſetzten ungeheuren Ausfuhrzoll immer lauter und heftiger, da ſie dadurch nothwendig zu Grunde gerichtet werden; man glaubt daher, daß, ſobald die Vorraͤthe, welche die Neapolitaniſche Regierung bei der Aufloͤſung des mit der Compagnie Taix beſtandenen Vertrags zu uͤbernehmen hatte, abgeſetzt ſeyn werden, man auch darauf Bedacht nehmen werde, den hohen Zoll zu ermaͤßigen, weil dann die Konkurrenz der uͤbrigen Schwefelgruben⸗Eigenthuͤmer nicht mehr zu fuͤrchten iſt.
Indeſſen glauben ſich dieſe von einem anderen Ungluͤck bedroht, indem die in England gemachte neue Erfindung, zur Fabrication des Pulvers einen anderen wirkſamen Stoff ſtatt des Schwefels zu gebrauchen, den Abſatz des Schwefels auf die wenigen Erforderniſſe einiger Fabricationen beſchraͤnken duͤrfte.
Spanien.
Madrid, 9.
Maͤrz.
Der Rücktritt des Herrn Gamboa aus dem Finanz⸗Miniſterium iſt nur von geringem politiſchem Belang.
Die boͤswilligen Geruͤchte von angeblichen Mißverſtaͤndniſſen, die zwiſchen dem Herrn Gamboa und mehreren ſeiner Kollegen ſtattgehabt haͤtten, ſind ungegruͤndet.
Herr Gamboa iſt noch im Beſitze der ganzen Achtung ſeiner Kollegen.
Herr Ferrer, welcher ihn interimiſtiſch erſetzt, und das Finanzportefeuille wahrſcheinlich bis zu weiterer Entſcheidung der Cortes behalten duͤrfte, wird von der Linie nicht abweichen, welche ſich Herr Gamboa vorgezeichnet hatte; er wird fortfahren, die jetzt populaͤren Centraliſationsplaͤne des Letzteren weiter in Ausfuͤhrung zu bringen, mit einem Worte, keine der Maßregeln zu verabſaͤumen, welche geeignet ſeyn moͤchten, das Finanzweſen zu reguliren und den oͤffentlichen Kredit zu heben.
Herr Saenz, Unter⸗Staats⸗Secretair im Departement der Finanzen, iſt durch Herrn Ramon Calatrava erſetzt worden.
Die „Hof⸗Zeitung“ hat dieſe Ernennung noch nicht offiziell veroͤffentlicht; ſie iſt jedoch gewiß.
Es heißt, Herr Chacon beabſichtige, dem Beiſpiele Herrn Gamboa's zu folgen und demnaͤchſt aus ſeinem Miniſterium zu ſcheiden.
Dieſes Geruͤcht iſt zum wenigſten voreilig.
Herr Chacon wird ſein Portefeuille bis zur Eroͤffnung der Cortes behalten.
Trotz der umlaufenden Geruͤchte kann man verſichern, daß die verſchiedenen Mitglieder der Regentſchaft fortwaͤhrend in voller Eintracht ſind.
Vollkommene Ruhe herrſcht in der Hauptſtadt und die Regierung hat von keinem Punkte Depeſchen erhalten, welche geeignet waͤren, ihr Beſorgniſſe in Betreff der angeblichen republikaniſchen Bewegungen zu erwecken.
In den gut unterrichteten Salons glaubt man allgemein, daß der Herzog von Vitoria, falls er von den Cortes nicht zum alleinigen Regenten ernannt werden wuͤrde, doch zum wenigſten den Vorſitz der Regentſchaft erhalten duͤrfte, die dann aus drei Mitgliedern zuſammengeſetzt werden ſolle.
An der Boͤrſe war heut ſtark die Rede von einem finanziellen Projekte, deſſen Programm das „Eco del Comercio“ erſt nur unvollſtaͤndig mitgetheilt hat.
Es wuͤrde ſich um ein von vier Madrider Kapitaliſten ausgehendes Anerbieten handeln, der Regierung 90 Millionen Realen unter gewiſſen Bedingungen vorzuſchießen.
Griechenland.
Athen, 28. Febr.
(A. Z.) Am 24ſten d. iſt (wie bereits gemeldet) Maurokordato, der bisher in London beglaubigte Repraͤſentant Griechenlands (bekannt als der eigentliche Chef der ſogenannten Engliſchen Partei), vom Koͤnige zum Conſeils⸗Praͤſidenten und Miniſter der auswaͤrtigen Angelegenheiten ernannt worden; ſein Schwager Trikupis geht an ſeine Stelle als Miniſter⸗Reſident nach London.
Dieſe Koͤnigliche Entſchließung hat in Athen eine hoͤchſt freudige Senſation erregt, da Maurokordato viele Anhaͤnger und Freunde hat, und ſelbſt diejenigen, die nicht zu ſeinen Freunden gehoͤren, freudige Reſultate erwarten von einem ſo geiſtvollen Manne, der ſo lange im Auslande Erfahrungen ſammelte.
— Mit großer Spannung ſieht man in Athen Nachrichten aus Kandien entgegen.
Viele Kretenſer ſind aus Griechenland entwichen, darunter ſogar ein Oberſt in Koͤnigl.
Griechiſchen Dienſten, obgleich die Griechiſche Regierung ernſtliche Maßregeln gegen dieſe heimlichen Entfernungen ergriffen hat, um ja dem Verdachte vorzubeugen, als beguͤnſtige ſie dieſen Unfug, zu welchem jedenfalls der Zeitpunkt ſchlecht gewaͤhlt iſt.
Die Kandioten verlangen gleiche Konzeſſionen, wie ſolche den Bewohnern von Samos gewaͤhrt wurden; der Gouverneur Muſtafa Paſcha hat ſeinen Secretair nach Konſtantinopel abgeſendet, um daruͤber Inſtructionen einzuholen.
Inzwiſchen bleibt die Bevoͤlkerung Kandiens unter den Waffen, und taͤglich verſtaͤrkt ſich der Anhang derer, welche eine Umgeſtaltung verlangen.
Man ſagt, einige Handelshaͤuſer von Athen und Syra liefern ihnen Unterſtuͤtzungen.
Mexiko.
Das Mexikaniſche Diario del Gobierno vom 15.
und 16. Dezember enthaͤlt das von dem Finanz⸗Miniſter dem Natio nal⸗Kongreſſe im vorigen Jahre vorgelegte Budget der Finanzen.
Der Miniſter aͤußert in dem einleitenden Berichte vom 14. Juli unter anderem Folgendes: „Ich habe eine, für einen von Ehrgefühl beſeelten Miniſter höchſt delikate und peinliche Pflicht zu erfüllen, nämlich dem Kongreſſe einen Bericht über den mir anvertrauten Verwaltungszweig der Finanzen vorzulegen, damit die geſetzgebende Gewalt und die Nation von dem Verfahren der Regierung in der Verwaltung und Verwendung der Staats⸗Einnahmen während des Jahres 1839 Kenntniß bekomme, und jene zugleich die erforderlichen Nachweiſe erhalten, um dann die künftigen Staats⸗Ausgaben regeln, die zur Deckung derſelben nöthigen Steuern und Einkünfte beſtimmen und die für das Finanzweſen der Republik ſo gebieteriſch erheiſchten organiſchen und ſyſtematiſchen Maßregeln anordnen zu können.
Hierüber müßte denn auch freilich der vorliegende Bericht hauptſächlich ſich verbreiten und befriedigende Aufſchlüſſe liefern; allein leider haben ſich mit der Zeit immer größere Schwierigkeiten in den Weg geſtellt, um mit Genauigkeit Nachweiſe über die Vergangenheit oder Vorſchläge für die Zukunft geben zu können.
Das mangelhafte Syſtem in der gegenwärtigen Organiſation des Finanzweſens; der moraliſche Zuſtand des ſeit 30 Jahren in einer Revolution von Ideen, Intereſſen und Politik ſich bewegenden Landes; die Schlaffheit, worin die Triebfedern der Regierung gerathen ſind; die fortwährende Beſchränktheit, worin dieſe ſich befindet und wodurch die zur Erfüllung ihrer Verbindlichkeiten erforderlichen Geldmittel beinahe auf nichts reduzirt werden, und endlich die allgemeine Verwirrung, die daraus unmittelbar und hauptſächlich für die einzelnen Theile, wie für das Ganze des Finanzweſens entſtanden iſt, ſind in der That ebenſo viele Hinderniſſe für jeden Miniſter, wie groß auch ſeine Fähigkeit ſeyn möge, den Erwartungen der Kammern und den Beſtimmungen des Geſetzes genüge leiſten zu können.
Abgeſehen davon, daß das jetzige Rechnungsweſen und die ſchlechte Organiſation der Bureaus, einzeln für ſich, wie im Ganzen betrachtet, eine Sammlung genauer Notizen, die Hauptgrundlage eines Berichtes unausführbar machen, müſſen auch die Schwierigkeiten in Erwägung gezogen werden, welche der fortwährende Zuſtand gewaltſamer Erſchütterung (estado perpetuo de agitacion), worin wir leben, mit ſich führt, um ſich zu überzeugen, wie unvollftändig und mangelhaft die Data ſeyn müſſen, die zu erlangen möglich ſind, woraus folgt, daß die General⸗Finanz⸗Verwaltung kaum Zeit hat, fie zu einer allgemeinen Ueberſicht zuſammenzuſtellen, ja kaum ſie prüfen zu können, und daß dem Miniſter nur wenige Tage übrig bleiben, in der Eile einen Bericht auszuarbeiten, der doch ſeiner Natur und ſeinem Gegenſtande nach, vorhergängiges Nachdenken und ein bedachtſames Studium der zur Grundlage dienenden Dukumente erfordert.
Hierauf hinweiſend und geſtützt auf die Erfahrung ſo vieler Jahre, hat die Regierung bei verſchiedenen Gelegenheiten dem Kongreſſe zu erkennen gegeben, daß die ſechs Monate, die dem mir übertragenen Miniſterium zur Berichterſtattung geſetzlich beſtimmt ſind, nicht hinreichten und es zweckmäßig wäre, den Zeitraum auf ein Jahr zu verlängern, womit auch ſchon 1835 der Anfang gemacht wurde.“ Nachdem der Miniſter bemerkt, daß aus den naͤmlichen Gruͤnden wenig oder gar keine neue Vorſchlaͤge gemacht werden koͤnnten, zumal die Verwaltung gegenwaͤrtig ihre ganze Thaͤtigkeit darauf richten muͤſſe, nur fuͤr die Beduͤrfniſſe des Augenblicks Rath zu ſchaffen, faͤhrt er fort: „Der Kongreß kennt die mehr oder minder großen Ereigniſſe, welche während des hier in Rede ſtehenden Zeitraums die Verlegenheiten des Schatzes nothwendig aufs Aeußerſte treiben mußten; und ich erinnere hier nur an die vornehmſten, wie der Krieg mit dem Departement Texas, die Irrungen mit der Franzöſiſchen Nation und unſere inneren Wirren.
Dieſe drei Urſachen, nebſt den Folgen, welche ſie auf die Operationen des Miniſteriums zur Deckung des Ausfalls gewöhnlicher Hülfsquellen hatten, und in Verbindung damit die natürlichen Folgen unſerer, bereits aus der Zeit unſerer Emancipation ſich herſchreibenden ſtaatswirthſchaftlichen Fehler, vereinigten ſich wie auf einen Brennpunkt in dem meinem Eintritt ins Miniſterium vorhergehenden Zeitraum.
So war, als ich das Miniſterium übernahm, die Regierung mit einer außerordentlichen und dringenden Ausgabe von 200,000 Piaſtern belaſtet, außer den 600,000, die, in Gemäßheit der mit dem Vice⸗Admiral Baudin geſchloſſenen Uebereinkunft, binnen gewiſſer Friſten an Frankreich zu zahlen waren, und dies zu einer Zeit, wo auf keine einzige innere Hülfsquelle gerechnet werden konnte, indem die gewöhnlichen und zufälligen Einkünfte kaum zur Deckung eines geringen Theils der Bedürfniſſe der Verwaltung hinreichten, und es eben ſo wenig möglich war, zum Kredit die Zuflucht zu nehmen, der in Folge des davon gemachten Gebrauchs verſchwunden war.
Die Regierung, die bei ihren allgemeinen Bedürfniſſen immer faſt allein noch auf die See⸗Zölle rechnen konnte, hat ſich auch dieſer Hülfsquelle beraubt oder ſie doch ungemein verringert, durch die Creirung der 12, 15 und 17procentigen Fonds, zur ſchnellen Deckung außerordentlicher Ausgaben, welche in Verbindung mit den Abzügen für die Zinſen der auswärtigen Schuld, den Ertrag aus jenen Zöllen auf 39 ⅓ pCt.
heruntergebracht haben.
In Gemäßheit der Beſtimmungen der Geſetze vom 8.
Mai 1826, 26. Januar 1831 und 17. April 1838 iſt der allgemeine Etat der Staats⸗Einkünfte in den 12 Monaten des vorigen Jahres entworfen und dem Kongreſſe vorgelegt worden.
Der Geſammt⸗Ertrag der Einkünfte in dem genannten Zeitraum beläuft ſich auf 29,136,536 Piaſter, und hiervon die Beſoldungen und Verwaltungs⸗Koſten mit 1,617,959 abgezogen, bleiben 27,518,577 Piaſter übrig.
In Vergleich mit dem am 1. Juli vorigen Jahres dem Kongreſſe vorgelegten, 18 Monate, vom 1. Juli 1837 bis Ende Dezember 1838, umfaſſenden Etat, ſtellt ſich das Reſultat heraus, daß ſich die Einnahmen um 75 pCt.
vermehrt und die Ausgaben um 29,774 Piaſter vermindert haben.
Wenn dieſe Vermehrung der Staats⸗Einkünfte effektiv wäre, ſo könnte man ſich der Hoffnung hingeben, die Einnahmen mit den Ausgaben des Schatzes bald ins Gleichgewicht gebracht zu ſehen.
Allein der Ertrag, der ſich in dem allgemeinen Etat der Staats⸗Einkünfte herausgeſtellt, iſt keinesweges effektiv oder in Wirklichkeit vorhanden, und eben ſo wenig ſind die in dem Etat figurirenden Ausgaben ſämmtlich wirkliche Staats⸗Ausgaben.
Was nun dieſe letzteren betrifft, ſo ſind von jenen 27,518,577 Piaſtern verausgabt worden: 111,402 P. für das Miniſterium der auswärtigen Angelegenheiten, 1,030,388 P. für das Miniſterium des Innern, 7,088,140 P. für das Kriegs⸗ und Marine⸗Miniſterium und 17,470,839 P. für das meiner Leitung anvertraute Finanz⸗Miniſterium, wozu noch ein Poſten von 323,047 Piaſtern für Büreau⸗Koſten ꝛc. kommt, ſo daß die Geſammt⸗Ausgaben 26,023,816 Piaſter betragen, was einen Ueberſchuß von 1,494,760 P. in den Einnahmen ergeben würde.
Allein, wie geſagt, der hier aufgeſtellte Etat iſt nicht der Wirklichkeit gemäß, indem viele Poſten als verwendete Summen für den Staatsdienſt aufgeführt worden ſind, ohne daß genaue Rechnungs⸗Etats dabei zum Grunde liegen.
So ſind namentlich von den unter meinem Miniſterium aufgeführten 17,470,839 Piaſtern viele Poſten nur nach allgemeiner Schätzung feſtgeſtellt worden, aus Mangel an den erforderlichen genauen Nachrichten.
So weit der allgemeine Einnahme⸗ und Ausgabe⸗Etat und die von mir hinzugefügten nothwendigen Erläuterungen und Bemerkungen.
Ich gehe nunmehr zu den einzelneu Zweigen des Budgets über, woraus ſich als Endreſultat ein muthmaßliches Defizit von 13,762,681 Piaſter für das nächſte Finanzjahr ergeben wird.
Was zunächſt die See⸗ und Gränzzölle betrifft, ſo liefern ſie für 1839 einen Brutto⸗Ertrag von 5,577,890 Piaſtern, und hievon ab, Beſoldungen und Verwaltungs⸗Koſten zum Belaufe von 403,002 P., einen Rein⸗Ertrag von 5,174,888 Piaſtern.
Hierzu Ueberſchuß von vorher zum Belaufe von 2,003,189 P. und dagegen ab früherer Rückſtand von 763,059 Piaſtern, ſteigert den Geſammt⸗Ertrag auf 6,415,018 Piaſter.
Dieſes Reſultat hat ſich herausgeſtellt ungeachtet der Blokade unſerer Häfen von Seiten Frankreichs, die für die Einfuhren keine andere Folgen gehabt hat, als dieſelben auf einen ſpäteren Zeitpunkt hinauszuſchieben.
Wenn die Regierung die mögliche Vermehruug der See⸗Zoll⸗Einkünfte befördert hat, ſo iſt es geſchehen, weil dieſelben die Haupt⸗Hülfsquelle des Staatsſchatzes bilden, und vermöge der dringenden Pflicht, ſämmtliche Verwaltungs⸗Zweige zu einem höheren Grade der Vollkommenheit zu bringen; aber was ich ſchon ſo oft geſagt habt, wiederhole ich auch hier auf das Feierlichſte, daß nämlich, die Vermehrung der Abgaben von eingeführten fremden Waaren nicht ohne Nachtheil für das Land geſchehen kann, daß ferner die See⸗Zölle eine höchſt unzuverläſſige Hülfsquelle für die Regierung bilden, und daß ſie daher ſämmtlich für die Tilgung der National⸗Schuld verwendet und dagegen die Hülfsquellen im Innern dazu dienen müßten, die Einnahmen mit den Ausgaben ins Gleichgewicht zu bringen.
Was den Ertrag der Abgaben im Lande ſelbſt anbelangt, ſo beläuft ſich derſelbe auf 3,684,548 Piaſter, alſo um 1,041,272 P. mehr als 1838.
Es hat die Verkaufs⸗Steuer mehr eingebracht 175,001 Piaſter, die Verbrauchs⸗Steuer 709,247 P., die Abgabe von der Baumwolle 27,052 P., die 2 pCt.
von dem in die Häfen eingeführten Gelde 136,277 P. und andere Abgaben zuſammen 1764 Piaſter, im Ganzen 1,049,341 Piaſter, und hiervon ab für Ausfälle 8,069 Piaſter, giebt jene 1,041,272 Piaſter.
Dagegen haben die direkten Steuern für 1839 einen Ausfall von 292,845 Piaſter gegen das Jahr zuvor ergeben, indem 1838 der Ertrag 915,563 P., dagegen 1839 nur 622,718 Piaſter geweſen iſt.
Auch der Ertrag aus den Salinen, Münzen, Poſi⸗Verwaltung ꝛc. beläuft ſich auf 146,257 Piaſter weniger, als im Jahre 1838.
So hat ſich denn freilich überhaupt ein Ueberſchuß von 838,440 Piaſter zu Gunſten des Jahres 1839 gegen 1838 herausgeſtellt; allein bei genauerer Unterſuchung reduzirt ſich derſelbe auf nichts, da ſich weder die Anſätze unter einander vergleichen, noch die Grundlagen, worauf ſie beruhen, als ſicher betrachten laſſen.
Wenn das erſte beſte Mittel, augenblicklicher Verlegenheit abzuhelfen, eine Hülfsquelle genannt werden kann, ſo belaufen ſich freilich die außerordentlichen Mittel, über welche die Regierung 1839 hat verfügen können, bis auf 11,591,345 Piaſter.
Allein bei näherer Erwägung ergiebt ſich klar, daß mit Ausnahme der außerordentlichen Auflage von 430,868 Piaſter, der 35,112 Piaſter an freiwilligen Beiträgen und anderen einzelnen Summen, alles übrige nicht als effektiv dem Staatsſchatze zu gut gerechnet werden kann.
Ueberdies muß es jedenfalls von den obigen 27,518,577 Piaſtern des General Etats abgerechnet werden, und erſt das, was dann übrig bleibt, kann als wirklich disponibler Einnahme⸗Fonds des Schatzes betrachtet werden.
Was die auswärtige Schuld betrifft, ſo ſind an die Stelle der alten Bons der 5 und 6 proc.
Londoner Anleihen neue Bons emittirt worden, zum Belaufe von 6,000,840 Pfd.
Sterl.; aber um die vom 1. Oktober 1837 bis 1. Juni 1838 rückſtändigen und künftig fällig werdenden Zinſen zu decken, reichen ſo wenig die zu dieſem Zwecke geſtellten Hypotheken hin, als die Regierung die dazu erforderlichen anderweitigen Hülfsmittel beſitzt.
Schließlich reihe ich an vorſtehendem Etat des abgelaufenen Finanzjahres eine Veranſchlagung des Budgets für das nächſte.
Nach den beſonderen Veranſchlagungen für die einzelnen Miniſterien würden auf das Miniſterium der auswärtigen Angelegenheiten diesmal kommen: 329,270 Piaſter, auf das Miniſterium des Innern: 2,843,001 P., auf das Kriegs⸗ und Marin⸗Miniſterium diesmal: 17,116,878 P., und auf das Finanz⸗Miniſterium 1,547,632 Piaſter, im Geſammt⸗Betrage 21,836,781 Piaſter an Ausgaben.
Die Brutto⸗Einnahme iſt veranſchlagt zu 12,874,100 Piaſtern, wovon aber abzurechnen ſind die Verluſte bei den kreirten 8, 10, 15 und 17 proc.
Fonds, den See⸗Zoll⸗Einnahmen, Zinſen für die auswärtige Schuld u. ſ. w., zum Belaufe von 4,800,000 Piaſtern, ſo daß nur 8,074,100 Piaſter disponibel bleiben, folglich ein Defizit von 13,762,681 Piaſtern ſich herausſtellen würde.“ Der Miniſter ſucht bei dieſer Gelegenheit namentlich die ſtarken Veranſchlags⸗Summen fuͤr das Kriegs⸗ und Marine⸗Miniſterium durch die gegenwaͤrtigen bedenklichen Umſtaͤnde, worin ſich die Republik befinde, zu rechtfertigen.
Es iſt hier eine Flugſchrift erſchienen, die großes Aufſehen gemacht hat und alle (uͤbrigens auch in dem obigen Bericht des Finanz⸗Miniſters nicht verhehlten) Gebrechen der Republik und deren Inſtitutionen kuͤhn und ruͤckſichtslos entſchleiert.
Sie fuͤhrt den Titel: Carta dirigenda al Escmo.
Sr. Presidente de la Republica, sobre la necesidad de buscar en una Convencion el posible remedio de los males que aquejan a la Republica; y opiniones del autor acerca del mismo asunto, por J.
M. Gutierrez Estrada, Mexico 1840.
(Schreiben an Se.
Excellenz den Herrn Praͤſidenten der Republik uͤber die Nothwendigkeit, in einem National⸗Konvent die moͤglichen Mittel wider die Gebrechen, an denen die Republik leidet, zu berathen; und Anſichten des Verfaſſers uͤber den naͤmlichen Gegenſtand, von J.
M. Gutierrez Eſtrada.)
Der Verfaſſer, ein vornehmer Mexikaner und außerdem mit einer der groͤßten Familien des Landes verbunden, auch Mitglied des Senats und fruͤher Miniſter der  auswaͤrtigen Angelegenheiten, hat durch ſeinen wiederholten Aufenthalt in Europa, in diplomatiſchen Miſſionen ſowohl, als auf eigene Koſten, einen fuͤr hier ſeltenen Grad von Bildung und vorurtheilsfreier Erziehung erhalten; er iſt in London wie in Paris wohl bekannt und geachtet, und wurde bei ſeinem letzten Aufenthalt in Paris, waͤhrend des Krieges zwiſchen Frankreich und Mexiko, von dem Grafen Molé zu Rathe gezogen und vertheidigte damals mit Wuͤrde die Rechte und die Ehre ſeines Landes.
Ueberhaupt findet bei den Meiſten, die ihn perſoͤnlich und ſeinen Charakter als Staatsmann kennen, ſein Patriotismus, Edelſinn und ſeine Uneigennuͤtzigkeit die gebuͤhrende Anerkennung.
Was nun die Schrift ſelbſt anbelangt, ſo bemuͤht ſich Herr Gutierrez Eſtrada darzuthun, daß der chroniſchen Anarchie Mexiko's einzig und allein durch eine monarchiſche Verfaſſung ein Ende gemacht werden koͤnne, und raͤth — wie aus Allem hervorzuleuchten ſcheint, durch den uneigennuͤtzigſten Eifer fuͤr das wahre Wohl ſeines Vaterlandes getrieben — ſeinen Landsleuten und dem Praͤſidenten der Republik (deſſen ihm gemachter Antrag zur abermaligen Uebernahme des Miniſteriums der auswaͤrtigen Angelegenheiten er kurz vorher ausgeſchlagen hatte), einen National⸗Konvent zuſammen zu berufen und einem auswaͤrtigen Prinzen den Mexikaniſchen Thron anzubieten.
Nachdem er durch Beiſpiele aus der aͤlteren und neueren Geſchichte gezeigt, wie dem anarchiſchen Zuſtande eines Volkes zuletzt immer nur durch die Herrſchaft eines Einzigen, als alleiniges Rettungsmittel, ein Ende gamacht worden ſey, geht er auf den gegenwaͤrtigen Zuſtand ſeines Vaterlandes uͤber, weiſt die zerſtoͤrende Wirkung nach, welche die demokratiſche Verfaſſung auf die wahre Freiheit, die Entwickelung und Civiliſation Mexiko's und der meiſten uͤbrigen, ehemals Spaniſchen Kolonieen hervorgebracht, ſchildert die graͤnzenloſe Zuͤgelloſigkeit und Anarchie, die in allen Theilen dieſes von der Natur ſo reich begabten und durch Partei⸗Streitigkeiten und Buͤrgerkriege zerfleiſchten Landes herrſcht, und ruft bei Gelegenheit der Schilderung der Greuel, welche die Anarchiſten im Juli in Mexiko's Hauptſtadt veruͤbt, namentlich auch der damaligen Verwuͤſtung des National⸗Palaſtes, ſeinen Landsleuten zu: „was werden unſere Nachkommen ſagen, wenn ſie hoͤren, daß man im Jahre 1840 im Namen der Republik, der Freiheit, der Humanitaͤt und der Civiliſation ein ſolches Werk der Zerſtoͤrung unternommen und vollbracht hat?“ Dann weiterhin, S. 53, ſagt er in Beziehung auf das von ihm vorgeſchlagene Rettungsmittel gegen dieſen zerruͤtteten Zuſtand unter Anderem Folgendes: „Wenn wir ſo fortfahren, ſo duͤrfte der Augenblick nicht fern ſeyn, wo die uͤbrigen Nationen, ermuͤdet von dem Skandal, welches wir
